,timestamp,datetime,BrowerAHU2/DA-T,BrowerAHU2/OA-T
0,1388563200000.0,2014-01-01 00:00:00,69.25894927978516,47.4323616027832
1,1388566800000.0,2014-01-01 01:00:00,68.8599853515625,46.613677978515625
2,1388570400000.0,2014-01-01 02:00:00,68.66577911376953,46.20094299316406
3,1388574000000.0,2014-01-01 03:00:00,68.26896667480469,45.562286376953125
4,1388577600000.0,2014-01-01 04:00:00,67.86491394042969,45.178123474121094
5,1388581200000.0,2014-01-01 05:00:00,67.46404266357422,44.76396560668945
6,1388584800000.0,2014-01-01 06:00:00,69.79627227783203,43.54813766479492
7,1388588400000.0,2014-01-01 07:00:00,72.33870697021484,45.006160736083984
8,1388592000000.0,2014-01-01 08:00:00,70.76231384277344,46.04545211791992
9,1388595600000.0,2014-01-01 09:00:00,72.09286499023438,49.33994674682617
10,1388599200000.0,2014-01-01 10:00:00,71.89704132080078,51.75318908691406
11,1388602800000.0,2014-01-01 11:00:00,74.80337524414062,54.81312561035156
12,1388606400000.0,2014-01-01 12:00:00,71.25465393066406,56.48817825317383
13,1388610000000.0,2014-01-01 13:00:00,72.25019073486328,59.38628387451172
14,1388613600000.0,2014-01-01 14:00:00,69.09362030029297,61.12020492553711
15,1388617200000.0,2014-01-01 15:00:00,69.59536743164062,58.765499114990234
16,1388620800000.0,2014-01-01 16:00:00,69.8584213256836,59.43000030517578
17,1388624400000.0,2014-01-01 17:00:00,70.76659393310547,57.114036560058594
18,1388628000000.0,2014-01-01 18:00:00,70.79908752441406,54.222999572753906
19,1388631600000.0,2014-01-01 19:00:00,75.03019714355469,52.999210357666016
20,1388635200000.0,2014-01-01 20:00:00,70.39917755126953,53.02545928955078
21,1388638800000.0,2014-01-01 21:00:00,71.99297332763672,52.40420150756836
22,1388642400000.0,2014-01-01 22:00:00,71.60923767089844,51.9588623046875
23,1388646000000.0,2014-01-01 23:00:00,69.82628631591797,51.16603469848633
24,1388649600000.0,2014-01-02 00:00:00,68.10885620117188,49.73306655883789
25,1388653200000.0,2014-01-02 01:00:00,67.5093765258789,49.7408332824707
26,1388656800000.0,2014-01-02 02:00:00,67.30470275878906,47.630035400390625
27,1388660400000.0,2014-01-02 03:00:00,67.10606384277344,46.75164794921875
28,1388664000000.0,2014-01-02 04:00:00,66.90760803222656,46.122894287109375
29,1388667600000.0,2014-01-02 05:00:00,66.8984603881836,47.18018341064453
30,1388671200000.0,2014-01-02 06:00:00,73.4153823852539,45.896419525146484
31,1388674800000.0,2014-01-02 07:00:00,73.62286376953125,46.72724151611328
32,1388678400000.0,2014-01-02 08:00:00,74.28497314453125,47.97175216674805
33,1388682000000.0,2014-01-02 09:00:00,71.87447357177734,50.78150939941406
34,1388685600000.0,2014-01-02 10:00:00,74.51182556152344,55.19674301147461
35,1388689200000.0,2014-01-02 11:00:00,73.42503356933594,57.80514907836914
36,1388692800000.0,2014-01-02 12:00:00,71.61640930175781,60.845027923583984
37,1388696400000.0,2014-01-02 13:00:00,70.2260513305664,62.78282928466797
38,1388700000000.0,2014-01-02 14:00:00,69.03611755371094,64.9285659790039
39,1388703600000.0,2014-01-02 15:00:00,68.0201416015625,64.07427978515625
40,1388707200000.0,2014-01-02 16:00:00,68.08784484863281,63.43211364746094
41,1388710800000.0,2014-01-02 17:00:00,72.0938491821289,60.20219802856445
42,1388714400000.0,2014-01-02 18:00:00,71.6418685913086,57.43363571166992
43,1388718000000.0,2014-01-02 19:00:00,71.6489486694336,57.02268981933594
44,1388721600000.0,2014-01-02 20:00:00,71.65013122558594,56.006317138671875
45,1388725200000.0,2014-01-02 21:00:00,72.52330017089844,55.583683013916016
46,1388728800000.0,2014-01-02 22:00:00,72.29045104980469,54.96327590942383
47,1388732400000.0,2014-01-02 23:00:00,73.4373550415039,54.33961486816406
48,1388736000000.0,2014-01-03 00:00:00,68.98775482177734,51.933895111083984
49,1388739600000.0,2014-01-03 01:00:00,68.98714447021484,51.306732177734375
50,1388743200000.0,2014-01-03 02:00:00,68.98714447021484,50.0372314453125
51,1388746800000.0,2014-01-03 03:00:00,68.58612060546875,50.264442443847656
52,1388750400000.0,2014-01-03 04:00:00,68.58612060546875,50.25727462768555
53,1388754000000.0,2014-01-03 05:00:00,68.78474426269531,48.59796142578125
54,1388757600000.0,2014-01-03 06:00:00,68.63902282714844,47.58063888549805
55,1388761200000.0,2014-01-03 07:00:00,71.73184204101562,47.990848541259766
56,1388764800000.0,2014-01-03 08:00:00,69.77045440673828,48.80729675292969
57,1388768400000.0,2014-01-03 09:00:00,74.13945770263672,49.67235565185547
58,1388772000000.0,2014-01-03 10:00:00,72.15399169921875,54.252647399902344
59,1388775600000.0,2014-01-03 11:00:00,71.1052017211914,56.27110290527344
60,1388779200000.0,2014-01-03 12:00:00,69.74130249023438,58.69993209838867
61,1388782800000.0,2014-01-03 13:00:00,69.4350357055664,61.256309509277344
62,1388786400000.0,2014-01-03 14:00:00,69.43367767333984,61.2709846496582
63,1388790000000.0,2014-01-03 15:00:00,69.01317596435547,61.647064208984375
64,1388793600000.0,2014-01-03 16:00:00,70.6550064086914,58.892066955566406
65,1388797200000.0,2014-01-03 17:00:00,71.18769836425781,57.43079376220703
66,1388800800000.0,2014-01-03 18:00:00,70.58403778076172,55.979469299316406
67,1388804400000.0,2014-01-03 19:00:00,73.12017059326172,54.52577209472656
68,1388808000000.0,2014-01-03 20:00:00,73.38433837890625,54.11420822143555
69,1388811600000.0,2014-01-03 21:00:00,73.79991912841797,53.496971130371094
70,1388815200000.0,2014-01-03 22:00:00,72.99421691894531,51.81442642211914
71,1388818800000.0,2014-01-03 23:00:00,72.8656005859375,52.024173736572266
72,1388822400000.0,2014-01-04 00:00:00,69.29571533203125,49.0734977722168
73,1388826000000.0,2014-01-04 01:00:00,69.09308624267578,49.074031829833984
74,1388829600000.0,2014-01-04 02:00:00,69.29207611083984,48.672481536865234
75,1388833200000.0,2014-01-04 03:00:00,69.09345245361328,47.83987808227539
76,1388836800000.0,2014-01-04 04:00:00,68.69538116455078,46.19291687011719
77,1388840400000.0,2014-01-04 05:00:00,68.29704284667969,46.19291687011719
78,1388844000000.0,2014-01-04 06:00:00,67.69829559326172,45.38576889038086
79,1388847600000.0,2014-01-04 07:00:00,67.89400482177734,44.76435470581055
80,1388851200000.0,2014-01-04 08:00:00,67.89484405517578,45.168216705322266
81,1388854800000.0,2014-01-04 09:00:00,59.28438186645508,47.27803039550781
82,1388858400000.0,2014-01-04 10:00:00,70.1100082397461,51.77109909057617
83,1388862000000.0,2014-01-04 11:00:00,71.09947967529297,55.76334762573242
84,1388865600000.0,2014-01-04 12:00:00,71.4476318359375,59.76477813720703
85,1388869200000.0,2014-01-04 13:00:00,69.1368637084961,64.20207214355469
86,1388872800000.0,2014-01-04 14:00:00,68.97631072998047,62.11825942993164
87,1388876400000.0,2014-01-04 15:00:00,69.8360595703125,62.35696029663086
88,1388880000000.0,2014-01-04 16:00:00,70.20484161376953,62.864830017089844
89,1388883600000.0,2014-01-04 17:00:00,70.46896362304688,58.661964416503906
90,1388887200000.0,2014-01-04 18:00:00,71.05900573730469,55.88148498535156
91,1388890800000.0,2014-01-04 19:00:00,71.65621948242188,54.6560173034668
92,1388894400000.0,2014-01-04 20:00:00,69.19757080078125,54.00849151611328
93,1388898000000.0,2014-01-04 21:00:00,74.190673828125,54.01907730102539
94,1388901600000.0,2014-01-04 22:00:00,69.82426452636719,53.18989944458008
95,1388905200000.0,2014-01-04 23:00:00,70.75109100341797,52.970916748046875
96,1388908800000.0,2014-01-05 00:00:00,69.21041870117188,51.93592834472656
97,1388912400000.0,2014-01-05 01:00:00,68.60405731201172,54.96052932739258
98,1388916000000.0,2014-01-05 02:00:00,69.00550842285156,51.67416763305664
99,1388919600000.0,2014-01-05 03:00:00,68.59754180908203,48.73963928222656
100,1388923200000.0,2014-01-05 04:00:00,68.5818099975586,56.010826110839844
101,1388926800000.0,2014-01-05 05:00:00,69.41143035888672,57.15608596801758
102,1388930400000.0,2014-01-05 06:00:00,69.00154876708984,56.7738151550293
103,1388934000000.0,2014-01-05 07:00:00,68.25437927246094,55.947723388671875
104,1388937600000.0,2014-01-05 08:00:00,68.81450653076172,56.177093505859375
105,1388941200000.0,2014-01-05 09:00:00,59.84540557861328,58.073490142822266
106,1388944800000.0,2014-01-05 10:00:00,70.37675476074219,59.097530364990234
107,1388948400000.0,2014-01-05 11:00:00,71.37870025634766,60.596012115478516
108,1388952000000.0,2014-01-05 12:00:00,70.22431945800781,62.57529830932617
109,1388955600000.0,2014-01-05 13:00:00,68.98590087890625,65.08210754394531
110,1388959200000.0,2014-01-05 14:00:00,68.56390380859375,65.90833282470703
111,1388962800000.0,2014-01-05 15:00:00,67.74344635009766,66.10572814941406
112,1388966400000.0,2014-01-05 16:00:00,69.18040466308594,64.67410278320312
113,1388970000000.0,2014-01-05 17:00:00,69.62284088134766,60.90841293334961
114,1388973600000.0,2014-01-05 18:00:00,71.72454833984375,61.45478057861328
115,1388977200000.0,2014-01-05 19:00:00,66.60862731933594,59.51906967163086
116,1388980800000.0,2014-01-05 20:00:00,71.67976379394531,55.991249084472656
117,1388984400000.0,2014-01-05 21:00:00,71.04154205322266,54.967742919921875
118,1388988000000.0,2014-01-05 22:00:00,71.50435638427734,53.51407241821289
119,1388991600000.0,2014-01-05 23:00:00,72.3624038696289,52.9019660949707
120,1388995200000.0,2014-01-06 00:00:00,69.6335220336914,51.83680725097656
121,1388998800000.0,2014-01-06 01:00:00,69.43792724609375,49.74642562866211
122,1389002400000.0,2014-01-06 02:00:00,69.0361557006836,48.928890228271484
123,1389006000000.0,2014-01-06 03:00:00,68.43421173095703,47.6866340637207
124,1389009600000.0,2014-01-06 04:00:00,68.62918853759766,47.23774337768555
125,1389013200000.0,2014-01-06 05:00:00,69.23590850830078,48.760868072509766
126,1389016800000.0,2014-01-06 06:00:00,71.62469482421875,46.8654670715332
127,1389020400000.0,2014-01-06 07:00:00,72.49142456054688,49.3665885925293
128,1389024000000.0,2014-01-06 08:00:00,71.7007064819336,49.78079605102539
129,1389027600000.0,2014-01-06 09:00:00,72.34440612792969,51.892845153808594
130,1389031200000.0,2014-01-06 10:00:00,71.74715423583984,55.459320068359375
131,1389034800000.0,2014-01-06 11:00:00,71.09526824951172,55.79541778564453
132,1389038400000.0,2014-01-06 12:00:00,73.50703430175781,57.148040771484375
133,1389042000000.0,2014-01-06 13:00:00,69.96326446533203,59.88179397583008
134,1389045600000.0,2014-01-06 14:00:00,68.47528076171875,59.62612533569336
135,1389049200000.0,2014-01-06 15:00:00,71.33130645751953,59.36827850341797
136,1389052800000.0,2014-01-06 16:00:00,70.25464630126953,59.19441604614258
137,1389056400000.0,2014-01-06 17:00:00,70.89909362792969,57.50286865234375
138,1389060000000.0,2014-01-06 18:00:00,69.9127197265625,56.892452239990234
139,1389063600000.0,2014-01-06 19:00:00,71.92961883544922,56.04597091674805
140,1389067200000.0,2014-01-06 20:00:00,72.71895599365234,55.63747787475586
141,1389070800000.0,2014-01-06 21:00:00,72.35120391845703,55.23417663574219
142,1389074400000.0,2014-01-06 22:00:00,71.89503479003906,53.2421989440918
143,1389078000000.0,2014-01-06 23:00:00,73.36174774169922,53.47648239135742
144,1389081600000.0,2014-01-07 00:00:00,69.77413177490234,51.827537536621094
145,1389085200000.0,2014-01-07 01:00:00,69.57426452636719,51.827537536621094
146,1389088800000.0,2014-01-07 02:00:00,69.77566528320312,52.0370979309082
147,1389092400000.0,2014-01-07 03:00:00,69.5750503540039,50.80103302001953
148,1389096000000.0,2014-01-07 04:00:00,69.17534637451172,49.96438980102539
149,1389099600000.0,2014-01-07 05:00:00,68.77396392822266,49.1468505859375
150,1389103200000.0,2014-01-07 06:00:00,70.60772705078125,48.74327087402344
151,1389106800000.0,2014-01-07 07:00:00,69.8734359741211,49.81239700317383
152,1389110400000.0,2014-01-07 08:00:00,70.92697143554688,49.821205139160156
153,1389114000000.0,2014-01-07 09:00:00,72.48739624023438,52.1781005859375
154,1389117600000.0,2014-01-07 10:00:00,71.20696258544922,56.001522064208984
155,1389121200000.0,2014-01-07 11:00:00,72.64208221435547,57.10105895996094
156,1389124800000.0,2014-01-07 12:00:00,69.90266418457031,57.31409454345703
157,1389128400000.0,2014-01-07 13:00:00,71.5550308227539,58.39707946777344
158,1389132000000.0,2014-01-07 14:00:00,70.58831024169922,59.26575469970703
159,1389135600000.0,2014-01-07 15:00:00,71.45931243896484,59.45329666137695
160,1389139200000.0,2014-01-07 16:00:00,70.27080535888672,58.91166687011719
161,1389142800000.0,2014-01-07 17:00:00,73.39241790771484,55.14747619628906
162,1389146400000.0,2014-01-07 18:00:00,71.25855255126953,53.91822052001953
163,1389150000000.0,2014-01-07 19:00:00,71.19145202636719,52.24244689941406
164,1389153600000.0,2014-01-07 20:00:00,71.4253158569336,51.16618728637695
165,1389157200000.0,2014-01-07 21:00:00,75.5099868774414,51.807464599609375
166,1389160800000.0,2014-01-07 22:00:00,72.16607666015625,51.80940246582031
167,1389164400000.0,2014-01-07 23:00:00,70.8473892211914,53.6702995300293
168,1389168000000.0,2014-01-08 00:00:00,70.86874389648438,53.248382568359375
169,1389171600000.0,2014-01-08 01:00:00,69.6680908203125,53.03755569458008
170,1389175200000.0,2014-01-08 02:00:00,69.86659240722656,53.03755569458008
171,1389178800000.0,2014-01-08 03:00:00,69.86659240722656,52.38914108276367
172,1389182400000.0,2014-01-08 04:00:00,69.46703338623047,52.14409255981445
173,1389186000000.0,2014-01-08 05:00:00,69.26367950439453,52.14089584350586
174,1389189600000.0,2014-01-08 06:00:00,72.58638000488281,50.657657623291016
175,1389193200000.0,2014-01-08 07:00:00,72.20673370361328,51.88557815551758
176,1389196800000.0,2014-01-08 08:00:00,71.15167236328125,52.09141540527344
177,1389200400000.0,2014-01-08 09:00:00,68.81434631347656,53.565093994140625
178,1389204000000.0,2014-01-08 10:00:00,69.09483337402344,55.48248291015625
179,1389207600000.0,2014-01-08 11:00:00,72.54437255859375,57.76641845703125
180,1389211200000.0,2014-01-08 12:00:00,70.0334243774414,59.57069396972656
181,1389214800000.0,2014-01-08 13:00:00,70.57079315185547,58.56345748901367
182,1389218400000.0,2014-01-08 14:00:00,70.57878875732422,59.53132629394531
183,1389222000000.0,2014-01-08 15:00:00,71.8352279663086,57.36869430541992
184,1389225600000.0,2014-01-08 16:00:00,70.17171478271484,55.3670768737793
185,1389229200000.0,2014-01-08 17:00:00,69.36653900146484,54.510009765625
186,1389232800000.0,2014-01-08 18:00:00,69.70714569091797,52.60921096801758
187,1389236400000.0,2014-01-08 19:00:00,74.15760040283203,52.61154556274414
188,1389240000000.0,2014-01-08 20:00:00,74.15852355957031,51.98772048950195
189,1389243600000.0,2014-01-08 21:00:00,74.35433959960938,51.17417907714844
190,1389247200000.0,2014-01-08 22:00:00,72.43643951416016,50.339298248291016
191,1389250800000.0,2014-01-08 23:00:00,73.02262115478516,49.934791564941406
192,1389254400000.0,2014-01-09 00:00:00,68.89012908935547,49.733455657958984
193,1389258000000.0,2014-01-09 01:00:00,69.09339141845703,49.534786224365234
194,1389261600000.0,2014-01-09 02:00:00,69.29193115234375,49.534786224365234
195,1389265200000.0,2014-01-09 03:00:00,69.09187316894531,49.327632904052734
196,1389268800000.0,2014-01-09 04:00:00,68.8931655883789,49.321990966796875
197,1389272400000.0,2014-01-09 05:00:00,68.49246978759766,49.31459045410156
198,1389276000000.0,2014-01-09 06:00:00,70.327880859375,49.92620849609375
199,1389279600000.0,2014-01-09 07:00:00,70.35836029052734,51.572261810302734
200,1389283200000.0,2014-01-09 08:00:00,70.1184310913086,51.584228515625
201,1389286800000.0,2014-01-09 09:00:00,70.24920654296875,53.0262451171875
202,1389290400000.0,2014-01-09 10:00:00,73.04963684082031,55.660980224609375
203,1389294000000.0,2014-01-09 11:00:00,71.30252075195312,57.17255783081055
204,1389297600000.0,2014-01-09 12:00:00,71.4551010131836,58.19701385498047
205,1389301200000.0,2014-01-09 13:00:00,71.01679992675781,59.7102165222168
206,1389304800000.0,2014-01-09 14:00:00,71.65363311767578,59.830787658691406
207,1389308400000.0,2014-01-09 15:00:00,69.86690521240234,59.111392974853516
208,1389312000000.0,2014-01-09 16:00:00,70.97560119628906,58.0051155090332
209,1389315600000.0,2014-01-09 17:00:00,70.64842987060547,55.16030502319336
210,1389319200000.0,2014-01-09 18:00:00,72.32808685302734,54.33079528808594
211,1389322800000.0,2014-01-09 19:00:00,72.65058898925781,54.121646881103516
212,1389326400000.0,2014-01-09 20:00:00,73.94074249267578,53.91170883178711
213,1389330000000.0,2014-01-09 21:00:00,72.9947738647461,52.66595458984375
214,1389333600000.0,2014-01-09 22:00:00,72.20629119873047,52.24658966064453
215,1389337200000.0,2014-01-09 23:00:00,71.588623046875,51.84451675415039
216,1389340800000.0,2014-01-10 00:00:00,69.21455383300781,49.96929168701172
217,1389344400000.0,2014-01-10 01:00:00,68.80892944335938,49.14975357055664
218,1389348000000.0,2014-01-10 02:00:00,68.80892944335938,48.336631774902344
219,1389351600000.0,2014-01-10 03:00:00,68.40913391113281,48.136234283447266
220,1389355200000.0,2014-01-10 04:00:00,68.40658569335938,47.51476287841797
221,1389358800000.0,2014-01-10 05:00:00,68.2080307006836,47.30458068847656
222,1389362400000.0,2014-01-10 06:00:00,70.278076171875,47.10594940185547
223,1389366000000.0,2014-01-10 07:00:00,71.54914855957031,48.54346466064453
224,1389369600000.0,2014-01-10 08:00:00,72.87535858154297,48.49262619018555
225,1389373200000.0,2014-01-10 09:00:00,72.10362243652344,51.537696838378906
226,1389376800000.0,2014-01-10 10:00:00,70.16177368164062,53.37648391723633
227,1389380400000.0,2014-01-10 11:00:00,71.71438598632812,56.4768180847168
228,1389384000000.0,2014-01-10 12:00:00,72.11832427978516,57.9106330871582
229,1389387600000.0,2014-01-10 13:00:00,71.86570739746094,58.55897521972656
230,1389391200000.0,2014-01-10 14:00:00,71.40140533447266,58.86867904663086
231,1389394800000.0,2014-01-10 15:00:00,69.9301986694336,59.72209930419922
232,1389398400000.0,2014-01-10 16:00:00,69.18244171142578,58.898712158203125
233,1389402000000.0,2014-01-10 17:00:00,70.45809936523438,55.833038330078125
234,1389405600000.0,2014-01-10 18:00:00,73.24182891845703,53.32697296142578
235,1389409200000.0,2014-01-10 19:00:00,71.052490234375,52.483123779296875
236,1389412800000.0,2014-01-10 20:00:00,72.84112548828125,51.14872360229492
237,1389416400000.0,2014-01-10 21:00:00,72.45584106445312,50.538856506347656
238,1389420000000.0,2014-01-10 22:00:00,71.67964935302734,50.330345153808594
239,1389423600000.0,2014-01-10 23:00:00,72.48320770263672,50.12976837158203
240,1389427200000.0,2014-01-11 00:00:00,70.02413177490234,49.314453125
241,1389430800000.0,2014-01-11 01:00:00,69.4249496459961,48.90389633178711
242,1389434400000.0,2014-01-11 02:00:00,69.2246322631836,48.90389633178711
243,1389438000000.0,2014-01-11 03:00:00,69.2246322631836,48.90389633178711
244,1389441600000.0,2014-01-11 04:00:00,68.8268814086914,48.28168487548828
245,1389445200000.0,2014-01-11 05:00:00,68.42770385742188,48.48649978637695
246,1389448800000.0,2014-01-11 06:00:00,68.431884765625,48.409549713134766
247,1389452400000.0,2014-01-11 07:00:00,68.431884765625,48.79948806762695
248,1389456000000.0,2014-01-11 08:00:00,68.431884765625,49.625789642333984
249,1389459600000.0,2014-01-11 09:00:00,59.654266357421875,50.437400817871094
250,1389463200000.0,2014-01-11 10:00:00,70.37590789794922,52.730953216552734
251,1389466800000.0,2014-01-11 11:00:00,70.73712921142578,53.36767578125
252,1389470400000.0,2014-01-11 12:00:00,71.59410858154297,57.149356842041016
253,1389474000000.0,2014-01-11 13:00:00,70.459716796875,55.130393981933594
254,1389477600000.0,2014-01-11 14:00:00,73.57655334472656,55.550933837890625
255,1389481200000.0,2014-01-11 15:00:00,69.9871826171875,54.64990997314453
256,1389484800000.0,2014-01-11 16:00:00,70.9240951538086,55.03273391723633
257,1389488400000.0,2014-01-11 17:00:00,75.09308624267578,53.2994499206543
258,1389492000000.0,2014-01-11 18:00:00,73.61402130126953,51.85456466674805
259,1389495600000.0,2014-01-11 19:00:00,71.26210021972656,50.80110168457031
260,1389499200000.0,2014-01-11 20:00:00,73.43174743652344,50.80827331542969
261,1389502800000.0,2014-01-11 21:00:00,73.0112075805664,51.21902847290039
262,1389506400000.0,2014-01-11 22:00:00,68.83029174804688,50.20523452758789
263,1389510000000.0,2014-01-11 23:00:00,70.6675796508789,50.00617980957031
264,1389513600000.0,2014-01-12 00:00:00,70.07452392578125,48.77131652832031
265,1389517200000.0,2014-01-12 01:00:00,68.66551208496094,47.749366760253906
266,1389520800000.0,2014-01-12 02:00:00,68.67041015625,47.142276763916016
267,1389524400000.0,2014-01-12 03:00:00,68.26757049560547,46.73760223388672
268,1389528000000.0,2014-01-12 04:00:00,68.06497955322266,47.35309600830078
269,1389531600000.0,2014-01-12 05:00:00,68.05980682373047,46.532169342041016
270,1389535200000.0,2014-01-12 06:00:00,67.65309143066406,46.73652267456055
271,1389538800000.0,2014-01-12 07:00:00,67.45291137695312,46.329345703125
272,1389542400000.0,2014-01-12 08:00:00,68.05645751953125,46.843814849853516
273,1389546000000.0,2014-01-12 09:00:00,50.132606506347656,47.91858673095703
274,1389549600000.0,2014-01-12 10:00:00,74.08304595947266,49.38810348510742
275,1389553200000.0,2014-01-12 11:00:00,70.96112060546875,54.40635299682617
276,1389556800000.0,2014-01-12 12:00:00,70.83895874023438,55.69614791870117
277,1389560400000.0,2014-01-12 13:00:00,71.6904525756836,57.5832405090332
278,1389564000000.0,2014-01-12 14:00:00,70.88742065429688,58.035430908203125
279,1389567600000.0,2014-01-12 15:00:00,71.74244689941406,58.27208709716797
280,1389571200000.0,2014-01-12 16:00:00,69.94908142089844,58.68539810180664
281,1389574800000.0,2014-01-12 17:00:00,71.71499633789062,57.475830078125
282,1389578400000.0,2014-01-12 18:00:00,71.65731811523438,57.07170867919922
283,1389582000000.0,2014-01-12 19:00:00,73.9258804321289,55.62070083618164
284,1389585600000.0,2014-01-12 20:00:00,73.04373931884766,54.57772445678711
285,1389589200000.0,2014-01-12 21:00:00,72.04145050048828,53.251976013183594
286,1389592800000.0,2014-01-12 22:00:00,71.32218170166016,51.56265640258789
287,1389596400000.0,2014-01-12 23:00:00,68.70001983642578,50.52509307861328
288,1389600000000.0,2014-01-13 00:00:00,69.07902526855469,49.49714279174805
289,1389603600000.0,2014-01-13 01:00:00,68.4813232421875,51.49541091918945
290,1389607200000.0,2014-01-13 02:00:00,68.88209533691406,49.56293869018555
291,1389610800000.0,2014-01-13 03:00:00,69.08667755126953,48.5273323059082
292,1389614400000.0,2014-01-13 04:00:00,69.09260559082031,51.75711441040039
293,1389618000000.0,2014-01-13 05:00:00,69.5190200805664,50.04248046875
294,1389621600000.0,2014-01-13 06:00:00,71.24931335449219,50.869266510009766
295,1389625200000.0,2014-01-13 07:00:00,71.809326171875,51.30521011352539
296,1389628800000.0,2014-01-13 08:00:00,74.0942153930664,52.56147003173828
297,1389632400000.0,2014-01-13 09:00:00,73.10276794433594,54.43410110473633
298,1389636000000.0,2014-01-13 10:00:00,72.52420043945312,56.91741180419922
299,1389639600000.0,2014-01-13 11:00:00,71.1869888305664,59.6639404296875
300,1389643200000.0,2014-01-13 12:00:00,70.36286163330078,60.94766616821289
301,1389646800000.0,2014-01-13 13:00:00,69.11380767822266,62.40341567993164
302,1389650400000.0,2014-01-13 14:00:00,68.923828125,65.23551940917969
303,1389654000000.0,2014-01-13 15:00:00,68.07864379882812,66.09988403320312
304,1389657600000.0,2014-01-13 16:00:00,66.82173156738281,64.99909210205078
305,1389661200000.0,2014-01-13 17:00:00,68.30170440673828,62.44514846801758
306,1389664800000.0,2014-01-13 18:00:00,71.6318130493164,59.432125091552734
307,1389668400000.0,2014-01-13 19:00:00,69.7740707397461,57.955360412597656
308,1389672000000.0,2014-01-13 20:00:00,71.01449584960938,57.5218391418457
309,1389675600000.0,2014-01-13 21:00:00,71.75668334960938,56.04282760620117
310,1389679200000.0,2014-01-13 22:00:00,71.8319091796875,55.41304397583008
311,1389682800000.0,2014-01-13 23:00:00,72.23505401611328,54.81747055053711
312,1389686400000.0,2014-01-14 00:00:00,69.37186431884766,53.640724182128906
313,1389690000000.0,2014-01-14 01:00:00,68.77178955078125,50.449344635009766
314,1389693600000.0,2014-01-14 02:00:00,68.57117462158203,51.346893310546875
315,1389697200000.0,2014-01-14 03:00:00,68.36528015136719,52.91231155395508
316,1389700800000.0,2014-01-14 04:00:00,68.46585083007812,56.27351379394531
317,1389704400000.0,2014-01-14 05:00:00,68.85115051269531,55.278743743896484
318,1389708000000.0,2014-01-14 06:00:00,70.6465072631836,50.67622756958008
319,1389711600000.0,2014-01-14 07:00:00,72.24925231933594,51.33256912231445
320,1389715200000.0,2014-01-14 08:00:00,72.82050323486328,51.13477325439453
321,1389718800000.0,2014-01-14 09:00:00,71.54959869384766,53.337623596191406
322,1389722400000.0,2014-01-14 10:00:00,71.22461700439453,57.8914680480957
323,1389726000000.0,2014-01-14 11:00:00,69.35631561279297,62.12144470214844
324,1389729600000.0,2014-01-14 12:00:00,69.19490051269531,62.38043212890625
325,1389733200000.0,2014-01-14 13:00:00,68.58866119384766,65.0318832397461
326,1389736800000.0,2014-01-14 14:00:00,68.59745788574219,65.86248016357422
327,1389740400000.0,2014-01-14 15:00:00,67.73001861572266,65.21939086914062
328,1389744000000.0,2014-01-14 16:00:00,68.78890228271484,63.781349182128906
329,1389747600000.0,2014-01-14 17:00:00,68.98983764648438,61.907691955566406
330,1389751200000.0,2014-01-14 18:00:00,71.05371856689453,58.4839973449707
331,1389754800000.0,2014-01-14 19:00:00,70.4195785522461,57.657161712646484
332,1389758400000.0,2014-01-14 20:00:00,71.19461059570312,56.64169692993164
333,1389762000000.0,2014-01-14 21:00:00,73.51512908935547,55.397769927978516
334,1389765600000.0,2014-01-14 22:00:00,73.08453369140625,55.058372497558594
335,1389769200000.0,2014-01-14 23:00:00,71.90892028808594,52.709373474121094
336,1389772800000.0,2014-01-15 00:00:00,69.27493286132812,50.75743865966797
337,1389776400000.0,2014-01-15 01:00:00,68.8781967163086,50.116424560546875
338,1389780000000.0,2014-01-15 02:00:00,69.00369262695312,61.76900100708008
339,1389783600000.0,2014-01-15 03:00:00,69.1322250366211,62.323673248291016
340,1389787200000.0,2014-01-15 04:00:00,69.77764129638672,62.5722541809082
341,1389790800000.0,2014-01-15 05:00:00,70.58993530273438,62.17977523803711
342,1389794400000.0,2014-01-15 06:00:00,61.40968322753906,59.061031341552734
343,1389798000000.0,2014-01-15 07:00:00,70.23847198486328,56.90193176269531
344,1389801600000.0,2014-01-15 08:00:00,72.36923217773438,57.01195526123047
345,1389805200000.0,2014-01-15 09:00:00,70.65601348876953,62.40376281738281
346,1389808800000.0,2014-01-15 10:00:00,68.91923522949219,63.66149139404297
347,1389812400000.0,2014-01-15 11:00:00,69.13037872314453,67.0832290649414
348,1389816000000.0,2014-01-15 12:00:00,68.69695281982422,67.7175521850586
349,1389819600000.0,2014-01-15 13:00:00,71.3983383178711,69.92996215820312
350,1389823200000.0,2014-01-15 14:00:00,72.62789916992188,71.13859558105469
351,1389826800000.0,2014-01-15 15:00:00,71.8167495727539,71.5729751586914
352,1389830400000.0,2014-01-15 16:00:00,71.00408935546875,71.5864486694336
353,1389834000000.0,2014-01-15 17:00:00,71.1971664428711,70.08826446533203
354,1389837600000.0,2014-01-15 18:00:00,70.00312042236328,64.17936706542969
355,1389841200000.0,2014-01-15 19:00:00,62.4171142578125,58.88510513305664
356,1389844800000.0,2014-01-15 20:00:00,60.04386901855469,57.16161346435547
357,1389848400000.0,2014-01-15 21:00:00,69.55448913574219,56.34141540527344
358,1389852000000.0,2014-01-15 22:00:00,72.96440124511719,55.710533142089844
359,1389855600000.0,2014-01-15 23:00:00,71.6559829711914,55.27931594848633
360,1389859200000.0,2014-01-16 00:00:00,70.52010345458984,53.808712005615234
361,1389862800000.0,2014-01-16 01:00:00,70.11568450927734,54.971797943115234
362,1389866400000.0,2014-01-16 02:00:00,70.51667785644531,52.59131622314453
363,1389870000000.0,2014-01-16 03:00:00,70.1160888671875,54.591800689697266
364,1389873600000.0,2014-01-16 04:00:00,69.71461486816406,57.11063003540039
365,1389877200000.0,2014-01-16 05:00:00,69.51200103759766,58.55875778198242
366,1389880800000.0,2014-01-16 06:00:00,69.429931640625,52.02224349975586
367,1389884400000.0,2014-01-16 07:00:00,73.04710388183594,52.498191833496094
368,1389888000000.0,2014-01-16 08:00:00,71.3768310546875,55.70392608642578
369,1389891600000.0,2014-01-16 09:00:00,69.70194244384766,60.457496643066406
370,1389895200000.0,2014-01-16 10:00:00,68.3593978881836,61.16460037231445
371,1389898800000.0,2014-01-16 11:00:00,69.759765625,64.0094223022461
372,1389902400000.0,2014-01-16 12:00:00,68.6051025390625,66.45826721191406
373,1389906000000.0,2014-01-16 13:00:00,69.27288055419922,68.51042175292969
374,1389909600000.0,2014-01-16 14:00:00,71.60952758789062,69.89214324951172
375,1389913200000.0,2014-01-16 15:00:00,76.08990478515625,69.58905029296875
376,1389916800000.0,2014-01-16 16:00:00,74.66212463378906,70.21891021728516
377,1389920400000.0,2014-01-16 17:00:00,71.40714263916016,66.75289916992188
378,1389924000000.0,2014-01-16 18:00:00,70.20124053955078,65.414306640625
379,1389927600000.0,2014-01-16 19:00:00,66.95960235595703,61.54145050048828
380,1389931200000.0,2014-01-16 20:00:00,61.58272171020508,58.748878479003906
381,1389934800000.0,2014-01-16 21:00:00,71.21925354003906,57.70027160644531
382,1389938400000.0,2014-01-16 22:00:00,72.13074493408203,55.37776184082031
383,1389942000000.0,2014-01-16 23:00:00,71.78523254394531,56.64786911010742
384,1389945600000.0,2014-01-17 00:00:00,70.46620178222656,54.1365966796875
385,1389949200000.0,2014-01-17 01:00:00,70.26693725585938,52.472415924072266
386,1389952800000.0,2014-01-17 02:00:00,70.26524353027344,51.865692138671875
387,1389956400000.0,2014-01-17 03:00:00,70.264892578125,49.29677200317383
388,1389960000000.0,2014-01-17 04:00:00,69.46168518066406,47.5707893371582
389,1389963600000.0,2014-01-17 05:00:00,69.06532287597656,47.40809631347656
390,1389967200000.0,2014-01-17 06:00:00,72.84780883789062,48.708438873291016
391,1389970800000.0,2014-01-17 07:00:00,72.50680541992188,48.92127227783203
392,1389974400000.0,2014-01-17 08:00:00,70.44586944580078,50.41196823120117
393,1389978000000.0,2014-01-17 09:00:00,72.1627426147461,52.14499282836914
394,1389981600000.0,2014-01-17 10:00:00,73.4277114868164,56.364227294921875
395,1389985200000.0,2014-01-17 11:00:00,72.07049560546875,60.29136657714844
396,1389988800000.0,2014-01-17 12:00:00,69.72672271728516,63.33533477783203
397,1389992400000.0,2014-01-17 13:00:00,69.89521789550781,65.2993392944336
398,1389996000000.0,2014-01-17 14:00:00,69.48821258544922,67.67756652832031
399,1389999600000.0,2014-01-17 15:00:00,70.68599700927734,69.14887237548828
400,1390003200000.0,2014-01-17 16:00:00,69.88790130615234,68.09906005859375
401,1390006800000.0,2014-01-17 17:00:00,66.8423080444336,64.49169158935547
402,1390010400000.0,2014-01-17 18:00:00,63.36909866333008,60.61367416381836
403,1390014000000.0,2014-01-17 19:00:00,70.98784637451172,58.057498931884766
404,1390017600000.0,2014-01-17 20:00:00,70.86956024169922,56.59556579589844
405,1390021200000.0,2014-01-17 21:00:00,71.05432891845703,56.63291549682617
406,1390024800000.0,2014-01-17 22:00:00,72.21158599853516,55.84381866455078
407,1390028400000.0,2014-01-17 23:00:00,71.8113021850586,53.273170471191406
408,1390032000000.0,2014-01-18 00:00:00,70.25790405273438,52.44358444213867
409,1390035600000.0,2014-01-18 01:00:00,69.65675354003906,52.01958465576172
410,1390039200000.0,2014-01-18 02:00:00,69.8566665649414,50.752532958984375
411,1390042800000.0,2014-01-18 03:00:00,69.65519714355469,49.32086181640625
412,1390046400000.0,2014-01-18 04:00:00,69.6572036743164,48.29651641845703
413,1390050000000.0,2014-01-18 05:00:00,68.85220336914062,48.50230026245117
414,1390053600000.0,2014-01-18 06:00:00,68.25106811523438,46.360477447509766
415,1390057200000.0,2014-01-18 07:00:00,67.84900665283203,47.2376594543457
416,1390060800000.0,2014-01-18 08:00:00,68.04629516601562,47.37437438964844
417,1390064400000.0,2014-01-18 09:00:00,57.273616790771484,50.31097412109375
418,1390068000000.0,2014-01-18 10:00:00,74.84178161621094,54.645389556884766
419,1390071600000.0,2014-01-18 11:00:00,72.1945571899414,57.72198486328125
420,1390075200000.0,2014-01-18 12:00:00,70.9843978881836,61.36358642578125
421,1390078800000.0,2014-01-18 13:00:00,69.23419952392578,62.03461837768555
422,1390082400000.0,2014-01-18 14:00:00,69.46691131591797,65.86167907714844
423,1390086000000.0,2014-01-18 15:00:00,69.05122375488281,66.95586395263672
424,1390089600000.0,2014-01-18 16:00:00,67.86112976074219,66.06248474121094
425,1390093200000.0,2014-01-18 17:00:00,66.44559478759766,63.09700393676758
426,1390096800000.0,2014-01-18 18:00:00,70.01811218261719,59.50701904296875
427,1390100400000.0,2014-01-18 19:00:00,69.94866180419922,57.62887191772461
428,1390104000000.0,2014-01-18 20:00:00,70.45613861083984,56.6048469543457
429,1390107600000.0,2014-01-18 21:00:00,72.05221557617188,55.13032913208008
430,1390111200000.0,2014-01-18 22:00:00,74.33433532714844,54.490699768066406
431,1390114800000.0,2014-01-18 23:00:00,72.98222351074219,53.029212951660156
432,1390118400000.0,2014-01-19 00:00:00,69.69853973388672,52.19541931152344
433,1390122000000.0,2014-01-19 01:00:00,69.09869384765625,51.17305374145508
434,1390125600000.0,2014-01-19 02:00:00,69.0988540649414,49.933040618896484
435,1390129200000.0,2014-01-19 03:00:00,69.49654388427734,48.904685974121094
436,1390132800000.0,2014-01-19 04:00:00,68.69944763183594,48.49958038330078
437,1390136400000.0,2014-01-19 05:00:00,68.09585571289062,48.283267974853516
438,1390140000000.0,2014-01-19 06:00:00,67.69612884521484,46.18996810913086
439,1390143600000.0,2014-01-19 07:00:00,67.29345703125,45.77370071411133
440,1390147200000.0,2014-01-19 08:00:00,67.28800964355469,45.78885269165039
441,1390150800000.0,2014-01-19 09:00:00,52.66099548339844,50.33152770996094
442,1390154400000.0,2014-01-19 10:00:00,74.95083618164062,54.46786117553711
443,1390158000000.0,2014-01-19 11:00:00,72.34504699707031,58.460811614990234
444,1390161600000.0,2014-01-19 12:00:00,69.75564575195312,61.47699737548828
445,1390165200000.0,2014-01-19 13:00:00,69.2008285522461,64.49897766113281
446,1390168800000.0,2014-01-19 14:00:00,68.84835815429688,66.4210205078125
447,1390172400000.0,2014-01-19 15:00:00,68.85034942626953,67.49116516113281
448,1390176000000.0,2014-01-19 16:00:00,68.60638427734375,66.66594696044922
449,1390179600000.0,2014-01-19 17:00:00,66.79714965820312,64.19420623779297
450,1390183200000.0,2014-01-19 18:00:00,70.2978286743164,59.23041915893555
451,1390186800000.0,2014-01-19 19:00:00,71.35304260253906,56.50563430786133
452,1390190400000.0,2014-01-19 20:00:00,71.37864685058594,55.21097183227539
453,1390194000000.0,2014-01-19 21:00:00,72.55230712890625,54.19303894042969
454,1390197600000.0,2014-01-19 22:00:00,72.62419891357422,53.94643020629883
455,1390201200000.0,2014-01-19 23:00:00,69.40890502929688,53.51174545288086
456,1390204800000.0,2014-01-20 00:00:00,69.48982238769531,51.42695617675781
457,1390208400000.0,2014-01-20 01:00:00,69.49136352539062,50.193626403808594
458,1390212000000.0,2014-01-20 02:00:00,69.49093627929688,49.15401077270508
459,1390215600000.0,2014-01-20 03:00:00,68.69270324707031,48.749107360839844
460,1390219200000.0,2014-01-20 04:00:00,68.49449920654297,48.94925308227539
461,1390222800000.0,2014-01-20 05:00:00,68.6934585571289,46.85603332519531
462,1390226400000.0,2014-01-20 06:00:00,71.05369567871094,47.055870056152344
463,1390230000000.0,2014-01-20 07:00:00,68.11490631103516,47.64566421508789
464,1390233600000.0,2014-01-20 08:00:00,69.97278594970703,47.456871032714844
465,1390237200000.0,2014-01-20 09:00:00,73.03401947021484,53.07480239868164
466,1390240800000.0,2014-01-20 10:00:00,72.41445922851562,56.643558502197266
467,1390244400000.0,2014-01-20 11:00:00,69.88552856445312,59.410640716552734
468,1390248000000.0,2014-01-20 12:00:00,70.64717102050781,60.749786376953125
469,1390251600000.0,2014-01-20 13:00:00,69.57740020751953,61.428775787353516
470,1390255200000.0,2014-01-20 14:00:00,69.22671508789062,64.06568908691406
471,1390258800000.0,2014-01-20 15:00:00,68.14824676513672,65.42346954345703
472,1390262400000.0,2014-01-20 16:00:00,67.7356948852539,64.17298889160156
473,1390266000000.0,2014-01-20 17:00:00,69.8857650756836,59.3439826965332
474,1390269600000.0,2014-01-20 18:00:00,70.99774932861328,56.13793182373047
475,1390273200000.0,2014-01-20 19:00:00,70.68297576904297,54.25414276123047
476,1390276800000.0,2014-01-20 20:00:00,74.75445556640625,53.43111801147461
477,1390280400000.0,2014-01-20 21:00:00,69.19954681396484,54.05451202392578
478,1390284000000.0,2014-01-20 22:00:00,69.82734680175781,54.981788635253906
479,1390287600000.0,2014-01-20 23:00:00,68.26563262939453,51.56968688964844
480,1390291200000.0,2014-01-21 00:00:00,69.6054916381836,50.328739166259766
481,1390294800000.0,2014-01-21 01:00:00,68.80599975585938,49.925315856933594
482,1390298400000.0,2014-01-21 02:00:00,68.80371856689453,49.76149368286133
483,1390302000000.0,2014-01-21 03:00:00,68.40434265136719,48.47322082519531
484,1390305600000.0,2014-01-21 04:00:00,68.40267944335938,47.44279098510742
485,1390309200000.0,2014-01-21 05:00:00,67.99820709228516,46.2098274230957
486,1390312800000.0,2014-01-21 06:00:00,71.70477294921875,47.12805938720703
487,1390316400000.0,2014-01-21 07:00:00,71.6924057006836,46.7063102722168
488,1390320000000.0,2014-01-21 08:00:00,72.79717254638672,47.57482147216797
489,1390323600000.0,2014-01-21 09:00:00,71.63346099853516,52.868465423583984
490,1390327200000.0,2014-01-21 10:00:00,70.73934936523438,54.99419403076172
491,1390330800000.0,2014-01-21 11:00:00,70.50911712646484,58.82063293457031
492,1390334400000.0,2014-01-21 12:00:00,69.85865783691406,61.592002868652344
493,1390338000000.0,2014-01-21 13:00:00,70.41503143310547,64.62419891357422
494,1390341600000.0,2014-01-21 14:00:00,69.9763412475586,68.1019515991211
495,1390345200000.0,2014-01-21 15:00:00,70.85601043701172,69.33110809326172
496,1390348800000.0,2014-01-21 16:00:00,70.01689910888672,68.08226013183594
497,1390352400000.0,2014-01-21 17:00:00,66.35460662841797,64.21965789794922
498,1390356000000.0,2014-01-21 18:00:00,62.91006088256836,60.011268615722656
499,1390359600000.0,2014-01-21 19:00:00,70.35519409179688,57.45854949951172
500,1390363200000.0,2014-01-21 20:00:00,70.14144134521484,56.001914978027344
501,1390366800000.0,2014-01-21 21:00:00,72.3681411743164,54.97351837158203
502,1390370400000.0,2014-01-21 22:00:00,72.29653930664062,55.59779357910156
503,1390374000000.0,2014-01-21 23:00:00,72.2523193359375,52.86314010620117
504,1390377600000.0,2014-01-22 00:00:00,69.77954864501953,51.816524505615234
505,1390381200000.0,2014-01-22 01:00:00,69.38103485107422,50.772151947021484
506,1390384800000.0,2014-01-22 02:00:00,69.5791244506836,49.748897552490234
507,1390388400000.0,2014-01-22 03:00:00,69.38090515136719,48.928855895996094
508,1390392000000.0,2014-01-22 04:00:00,69.18273162841797,48.94906234741211
509,1390395600000.0,2014-01-22 05:00:00,68.7834701538086,47.6935920715332
510,1390399200000.0,2014-01-22 06:00:00,70.4091567993164,46.648468017578125
511,1390402800000.0,2014-01-22 07:00:00,72.01567077636719,47.68349075317383
512,1390406400000.0,2014-01-22 08:00:00,72.56050872802734,47.666866302490234
513,1390410000000.0,2014-01-22 09:00:00,72.37538146972656,51.08195495605469
514,1390413600000.0,2014-01-22 10:00:00,71.06341552734375,54.3775634765625
515,1390417200000.0,2014-01-22 11:00:00,71.33948516845703,58.52753448486328
516,1390420800000.0,2014-01-22 12:00:00,70.23069763183594,59.63603973388672
517,1390424400000.0,2014-01-22 13:00:00,69.43941497802734,64.75373077392578
518,1390428000000.0,2014-01-22 14:00:00,67.52529907226562,66.8300552368164
519,1390431600000.0,2014-01-22 15:00:00,68.47813415527344,67.24919128417969
520,1390435200000.0,2014-01-22 16:00:00,65.41842651367188,64.19119262695312
521,1390438800000.0,2014-01-22 17:00:00,69.66870880126953,58.2364501953125
522,1390442400000.0,2014-01-22 18:00:00,70.6466064453125,54.75852966308594
523,1390446000000.0,2014-01-22 19:00:00,71.79785919189453,54.75652313232422
524,1390449600000.0,2014-01-22 20:00:00,73.64810943603516,54.543277740478516
525,1390453200000.0,2014-01-22 21:00:00,72.6465835571289,53.068748474121094
526,1390456800000.0,2014-01-22 22:00:00,70.8960952758789,51.832054138183594
527,1390460400000.0,2014-01-22 23:00:00,71.36504364013672,50.80527114868164
528,1390464000000.0,2014-01-23 00:00:00,69.5763931274414,49.99114990234375
529,1390467600000.0,2014-01-23 01:00:00,67.96634674072266,49.365211486816406
530,1390471200000.0,2014-01-23 02:00:00,67.36847686767578,48.76007843017578
531,1390474800000.0,2014-01-23 03:00:00,69.2848892211914,47.322059631347656
532,1390478400000.0,2014-01-23 04:00:00,68.48115539550781,48.161041259765625
533,1390482000000.0,2014-01-23 05:00:00,68.29622650146484,58.053871154785156
534,1390485600000.0,2014-01-23 06:00:00,69.58283996582031,58.04407501220703
535,1390489200000.0,2014-01-23 07:00:00,70.94218444824219,58.029296875
536,1390492800000.0,2014-01-23 08:00:00,72.30987548828125,56.77674102783203
537,1390496400000.0,2014-01-23 09:00:00,71.87232208251953,56.596900939941406
538,1390500000000.0,2014-01-23 10:00:00,71.65635681152344,59.32585906982422
539,1390503600000.0,2014-01-23 11:00:00,70.43941497802734,61.52198791503906
540,1390507200000.0,2014-01-23 12:00:00,69.59296417236328,64.31654357910156
541,1390510800000.0,2014-01-23 13:00:00,69.19094848632812,65.20890045166016
542,1390514400000.0,2014-01-23 14:00:00,68.15655517578125,66.30542755126953
543,1390518000000.0,2014-01-23 15:00:00,68.16622924804688,66.2891616821289
544,1390521600000.0,2014-01-23 16:00:00,67.5667495727539,65.872802734375
545,1390525200000.0,2014-01-23 17:00:00,68.57575225830078,64.42450714111328
546,1390528800000.0,2014-01-23 18:00:00,68.2887954711914,57.8846549987793
547,1390532400000.0,2014-01-23 19:00:00,72.86603546142578,55.12388610839844
548,1390536000000.0,2014-01-23 20:00:00,71.37747955322266,53.42795944213867
549,1390539600000.0,2014-01-23 21:00:00,73.63043975830078,52.61143112182617
550,1390543200000.0,2014-01-23 22:00:00,73.58250427246094,52.392723083496094
551,1390546800000.0,2014-01-23 23:00:00,72.35938262939453,51.17223358154297
552,1390550400000.0,2014-01-24 00:00:00,70.6492919921875,50.752647399902344
553,1390554000000.0,2014-01-24 01:00:00,70.24991607666016,50.137001037597656
554,1390557600000.0,2014-01-24 02:00:00,70.0511474609375,49.320587158203125
555,1390561200000.0,2014-01-24 03:00:00,69.45571899414062,48.49924850463867
556,1390564800000.0,2014-01-24 04:00:00,68.85520935058594,48.49924850463867
557,1390568400000.0,2014-01-24 05:00:00,68.65589904785156,49.191436767578125
558,1390572000000.0,2014-01-24 06:00:00,69.42656707763672,48.78000259399414
559,1390575600000.0,2014-01-24 07:00:00,72.38723754882812,50.083499908447266
560,1390579200000.0,2014-01-24 08:00:00,71.58198547363281,48.42198181152344
561,1390582800000.0,2014-01-24 09:00:00,71.23667907714844,50.73796463012695
562,1390586400000.0,2014-01-24 10:00:00,70.32585144042969,53.38194274902344
563,1390590000000.0,2014-01-24 11:00:00,72.8476791381836,57.15214538574219
564,1390593600000.0,2014-01-24 12:00:00,71.66287231445312,62.48345947265625
565,1390597200000.0,2014-01-24 13:00:00,69.6094970703125,64.04403686523438
566,1390600800000.0,2014-01-24 14:00:00,70.02507019042969,65.80662536621094
567,1390604400000.0,2014-01-24 15:00:00,67.7209701538086,63.997493743896484
568,1390608000000.0,2014-01-24 16:00:00,69.35921478271484,64.00209045410156
569,1390611600000.0,2014-01-24 17:00:00,70.07955169677734,61.91399383544922
570,1390615200000.0,2014-01-24 18:00:00,70.80902862548828,58.912681579589844
571,1390618800000.0,2014-01-24 19:00:00,70.63178253173828,56.587242126464844
572,1390622400000.0,2014-01-24 20:00:00,72.7578125,55.76458740234375
573,1390626000000.0,2014-01-24 21:00:00,70.41062927246094,54.519691467285156
574,1390629600000.0,2014-01-24 22:00:00,70.55742645263672,53.47758102416992
575,1390633200000.0,2014-01-24 23:00:00,73.30148315429688,53.47970962524414
576,1390636800000.0,2014-01-25 00:00:00,70.57172393798828,52.8717155456543
577,1390640400000.0,2014-01-25 01:00:00,70.37320709228516,52.449623107910156
578,1390644000000.0,2014-01-25 02:00:00,70.77356719970703,52.850826263427734
579,1390647600000.0,2014-01-25 03:00:00,70.97322082519531,53.27650451660156
580,1390651200000.0,2014-01-25 04:00:00,70.57221984863281,51.79475784301758
581,1390654800000.0,2014-01-25 05:00:00,70.3694076538086,51.18845748901367
582,1390658400000.0,2014-01-25 06:00:00,70.17111206054688,50.168251037597656
583,1390662000000.0,2014-01-25 07:00:00,69.7725601196289,48.95234298706055
584,1390665600000.0,2014-01-25 08:00:00,69.77212524414062,48.344886779785156
585,1390669200000.0,2014-01-25 09:00:00,59.37387466430664,51.961917877197266
586,1390672800000.0,2014-01-25 10:00:00,71.3035888671875,55.7437629699707
587,1390676400000.0,2014-01-25 11:00:00,70.60407257080078,59.93912124633789
588,1390680000000.0,2014-01-25 12:00:00,69.18560028076172,62.547054290771484
589,1390683600000.0,2014-01-25 13:00:00,68.03349304199219,66.34346771240234
590,1390687200000.0,2014-01-25 14:00:00,68.11043548583984,67.52767181396484
591,1390690800000.0,2014-01-25 15:00:00,69.13765716552734,67.72499084472656
592,1390694400000.0,2014-01-25 16:00:00,67.92778015136719,65.91426849365234
593,1390698000000.0,2014-01-25 17:00:00,68.5494613647461,63.10051727294922
594,1390701600000.0,2014-01-25 18:00:00,69.02197265625,60.12989044189453
595,1390705200000.0,2014-01-25 19:00:00,70.02716827392578,59.49351119995117
596,1390708800000.0,2014-01-25 20:00:00,69.68816375732422,56.89736557006836
597,1390712400000.0,2014-01-25 21:00:00,71.04029083251953,56.72126388549805
598,1390716000000.0,2014-01-25 22:00:00,70.50560760498047,56.723758697509766
599,1390719600000.0,2014-01-25 23:00:00,72.44355773925781,54.56526565551758
600,1390723200000.0,2014-01-26 00:00:00,71.01685333251953,54.39168167114258
601,1390726800000.0,2014-01-26 01:00:00,71.21544647216797,52.95518112182617
602,1390730400000.0,2014-01-26 02:00:00,71.21528625488281,52.528289794921875
603,1390734000000.0,2014-01-26 03:00:00,71.21723937988281,52.55243682861328
604,1390737600000.0,2014-01-26 04:00:00,71.01506805419922,52.537689208984375
605,1390741200000.0,2014-01-26 05:00:00,70.41796875,50.871925354003906
606,1390744800000.0,2014-01-26 06:00:00,70.21472930908203,52.00069046020508
607,1390748400000.0,2014-01-26 07:00:00,70.01643371582031,51.38640213012695
608,1390752000000.0,2014-01-26 08:00:00,70.01643371582031,53.397708892822266
609,1390755600000.0,2014-01-26 09:00:00,55.32844924926758,56.96323013305664
610,1390759200000.0,2014-01-26 10:00:00,73.46553039550781,57.64979934692383
611,1390762800000.0,2014-01-26 11:00:00,70.46752166748047,61.13919448852539
612,1390766400000.0,2014-01-26 12:00:00,70.09184265136719,63.621612548828125
613,1390770000000.0,2014-01-26 13:00:00,68.50521850585938,65.81620025634766
614,1390773600000.0,2014-01-26 14:00:00,68.72354125976562,68.5624008178711
615,1390777200000.0,2014-01-26 15:00:00,67.57579040527344,61.25722885131836
616,1390780800000.0,2014-01-26 16:00:00,67.16151428222656,62.97850799560547
617,1390784400000.0,2014-01-26 17:00:00,71.80582427978516,56.679649353027344
618,1390788000000.0,2014-01-26 18:00:00,72.1312484741211,53.837059020996094
619,1390791600000.0,2014-01-26 19:00:00,73.6612548828125,50.768455505371094
620,1390795200000.0,2014-01-26 20:00:00,73.9233627319336,51.833072662353516
621,1390798800000.0,2014-01-26 21:00:00,74.82574462890625,51.7964973449707
622,1390802400000.0,2014-01-26 22:00:00,72.28468322753906,52.599891662597656
623,1390806000000.0,2014-01-26 23:00:00,72.516357421875,52.19804000854492
624,1390809600000.0,2014-01-27 00:00:00,70.78305053710938,51.5517692565918
625,1390813200000.0,2014-01-27 01:00:00,70.38035583496094,50.90646743774414
626,1390816800000.0,2014-01-27 02:00:00,70.1827392578125,50.104644775390625
627,1390820400000.0,2014-01-27 03:00:00,69.58462524414062,48.88725662231445
628,1390824000000.0,2014-01-27 04:00:00,69.38423919677734,48.44566345214844
629,1390827600000.0,2014-01-27 05:00:00,70.21052551269531,49.72898864746094
630,1390831200000.0,2014-01-27 06:00:00,68.21220397949219,48.86348342895508
631,1390834800000.0,2014-01-27 07:00:00,74.00102233886719,49.32716751098633
632,1390838400000.0,2014-01-27 08:00:00,68.79039764404297,50.18336486816406
633,1390842000000.0,2014-01-27 09:00:00,70.86368560791016,51.63932800292969
634,1390845600000.0,2014-01-27 10:00:00,72.66472625732422,54.037010192871094
635,1390849200000.0,2014-01-27 11:00:00,74.4091796875,57.3388557434082
636,1390852800000.0,2014-01-27 12:00:00,71.82229614257812,59.10554504394531
637,1390856400000.0,2014-01-27 13:00:00,70.68069458007812,60.99674606323242
638,1390860000000.0,2014-01-27 14:00:00,71.55851745605469,60.566097259521484
639,1390863600000.0,2014-01-27 15:00:00,71.07852172851562,57.21605682373047
640,1390867200000.0,2014-01-27 16:00:00,73.43328094482422,56.04640197753906
641,1390870800000.0,2014-01-27 17:00:00,72.6042709350586,54.08152389526367
642,1390874400000.0,2014-01-27 18:00:00,71.34976196289062,53.42002868652344
643,1390878000000.0,2014-01-27 19:00:00,71.88677215576172,53.42002868652344
644,1390881600000.0,2014-01-27 20:00:00,71.86489868164062,53.65250015258789
645,1390885200000.0,2014-01-27 21:00:00,71.56828308105469,53.24687194824219
646,1390888800000.0,2014-01-27 22:00:00,74.42019653320312,53.24702453613281
647,1390892400000.0,2014-01-27 23:00:00,69.97589874267578,52.627079010009766
648,1390896000000.0,2014-01-28 00:00:00,70.3799057006836,52.418724060058594
649,1390899600000.0,2014-01-28 01:00:00,70.18091583251953,52.418724060058594
650,1390903200000.0,2014-01-28 02:00:00,70.58076477050781,52.41996383666992
651,1390906800000.0,2014-01-28 03:00:00,70.18501281738281,51.59609603881836
652,1390910400000.0,2014-01-28 04:00:00,69.98515319824219,51.60881042480469
653,1390914000000.0,2014-01-28 05:00:00,69.78650665283203,52.010589599609375
654,1390917600000.0,2014-01-28 06:00:00,71.38258361816406,52.208740234375
655,1390921200000.0,2014-01-28 07:00:00,72.88896179199219,53.49262619018555
656,1390924800000.0,2014-01-28 08:00:00,71.49354553222656,53.91267776489258
657,1390928400000.0,2014-01-28 09:00:00,70.64681243896484,55.86982727050781
658,1390932000000.0,2014-01-28 10:00:00,72.59994506835938,59.35451889038086
659,1390935600000.0,2014-01-28 11:00:00,70.62185668945312,61.734031677246094
660,1390939200000.0,2014-01-28 12:00:00,68.26461791992188,64.51463317871094
661,1390942800000.0,2014-01-28 13:00:00,69.17796325683594,64.97013092041016
662,1390946400000.0,2014-01-28 14:00:00,69.19261932373047,63.586387634277344
663,1390950000000.0,2014-01-28 15:00:00,68.64839935302734,61.10468673706055
664,1390953600000.0,2014-01-28 16:00:00,70.73495483398438,60.35076141357422
665,1390957200000.0,2014-01-28 17:00:00,69.09371185302734,59.91328811645508
666,1390960800000.0,2014-01-28 18:00:00,70.04846954345703,58.024810791015625
667,1390964400000.0,2014-01-28 19:00:00,70.1812515258789,57.586341857910156
668,1390968000000.0,2014-01-28 20:00:00,71.97398376464844,57.17857360839844
669,1390971600000.0,2014-01-28 21:00:00,70.19799041748047,56.99201583862305
670,1390975200000.0,2014-01-28 22:00:00,71.94056701660156,58.029144287109375
671,1390978800000.0,2014-01-28 23:00:00,70.10964965820312,56.55898666381836
672,1390982400000.0,2014-01-29 00:00:00,70.9585952758789,55.89348602294922
673,1390986000000.0,2014-01-29 01:00:00,71.15703582763672,56.114967346191406
674,1390989600000.0,2014-01-29 02:00:00,71.55479431152344,55.91401672363281
675,1390993200000.0,2014-01-29 03:00:00,71.15616607666016,55.72168731689453
676,1390996800000.0,2014-01-29 04:00:00,70.9581527709961,56.13386535644531
677,1391000400000.0,2014-01-29 05:00:00,70.5615005493164,55.92803192138672
678,1391004000000.0,2014-01-29 06:00:00,67.62472534179688,55.3144416809082
679,1391007600000.0,2014-01-29 07:00:00,69.40152740478516,55.72157287597656
680,1391011200000.0,2014-01-29 08:00:00,75.03272247314453,55.72157287597656
681,1391014800000.0,2014-01-29 09:00:00,70.73269653320312,56.988807678222656
682,1391018400000.0,2014-01-29 10:00:00,71.47342681884766,58.048606872558594
683,1391022000000.0,2014-01-29 11:00:00,69.21959686279297,57.75605392456055
684,1391025600000.0,2014-01-29 12:00:00,69.5384292602539,57.26152801513672
685,1391029200000.0,2014-01-29 13:00:00,71.15996551513672,59.23285675048828
686,1391032800000.0,2014-01-29 14:00:00,70.50840759277344,61.10051727294922
687,1391036400000.0,2014-01-29 15:00:00,71.48131561279297,59.11820602416992
688,1391040000000.0,2014-01-29 16:00:00,70.79940795898438,57.341365814208984
689,1391043600000.0,2014-01-29 17:00:00,71.24871826171875,56.308570861816406
690,1391047200000.0,2014-01-29 18:00:00,70.6218032836914,56.95588302612305
691,1391050800000.0,2014-01-29 19:00:00,72.60579681396484,56.74598693847656
692,1391054400000.0,2014-01-29 20:00:00,70.01734161376953,56.34347152709961
693,1391058000000.0,2014-01-29 21:00:00,73.449951171875,55.0826530456543
694,1391061600000.0,2014-01-29 22:00:00,70.15355682373047,55.09971618652344
695,1391065200000.0,2014-01-29 23:00:00,71.78010559082031,54.496883392333984
696,1391068800000.0,2014-01-30 00:00:00,70.82308959960938,53.663665771484375
697,1391072400000.0,2014-01-30 01:00:00,70.22643280029297,52.42245101928711
698,1391076000000.0,2014-01-30 02:00:00,70.42461395263672,51.40864944458008
699,1391079600000.0,2014-01-30 03:00:00,70.62615966796875,51.40544891357422
700,1391083200000.0,2014-01-30 04:00:00,70.22575378417969,51.40544891357422
701,1391086800000.0,2014-01-30 05:00:00,69.62307739257812,51.381839752197266
702,1391090400000.0,2014-01-30 06:00:00,72.08385467529297,50.747188568115234
703,1391094000000.0,2014-01-30 07:00:00,73.03343963623047,52.06142807006836
704,1391097600000.0,2014-01-30 08:00:00,71.0857162475586,52.080299377441406
705,1391101200000.0,2014-01-30 09:00:00,70.57044982910156,53.579803466796875
706,1391104800000.0,2014-01-30 10:00:00,73.64569091796875,56.43792724609375
707,1391108400000.0,2014-01-30 11:00:00,71.11768341064453,57.7664909362793
708,1391112000000.0,2014-01-30 12:00:00,71.63520812988281,58.87443161010742
709,1391115600000.0,2014-01-30 13:00:00,68.93978118896484,60.33711242675781
710,1391119200000.0,2014-01-30 14:00:00,70.20497131347656,60.35768508911133
711,1391122800000.0,2014-01-30 15:00:00,71.21231079101562,58.77838897705078
712,1391126400000.0,2014-01-30 16:00:00,71.17349243164062,56.48784255981445
713,1391130000000.0,2014-01-30 17:00:00,69.8403549194336,55.43890380859375
714,1391133600000.0,2014-01-30 18:00:00,73.36679077148438,52.19234085083008
715,1391137200000.0,2014-01-30 19:00:00,73.63890838623047,52.86566925048828
716,1391140800000.0,2014-01-30 20:00:00,70.42379760742188,52.67464065551758
717,1391144400000.0,2014-01-30 21:00:00,73.81785583496094,52.46763229370117
718,1391148000000.0,2014-01-30 22:00:00,71.92237854003906,52.43852996826172
719,1391151600000.0,2014-01-30 23:00:00,71.14364624023438,52.236045837402344
720,1391155200000.0,2014-01-31 00:00:00,69.66914367675781,51.629920959472656
721,1391158800000.0,2014-01-31 01:00:00,69.27096557617188,51.21525955200195
722,1391162400000.0,2014-01-31 02:00:00,70.26615142822266,51.83816146850586
723,1391166000000.0,2014-01-31 03:00:00,69.26582336425781,49.555416107177734
724,1391169600000.0,2014-01-31 04:00:00,68.66980743408203,48.131954193115234
725,1391173200000.0,2014-01-31 05:00:00,69.29814147949219,47.71979904174805
726,1391176800000.0,2014-01-31 06:00:00,71.83548736572266,46.88459777832031
727,1391180400000.0,2014-01-31 07:00:00,68.27999114990234,47.304988861083984
728,1391184000000.0,2014-01-31 08:00:00,72.33911895751953,47.52888488769531
729,1391187600000.0,2014-01-31 09:00:00,73.04249572753906,49.86106872558594
730,1391191200000.0,2014-01-31 10:00:00,70.51699829101562,51.36684799194336
731,1391194800000.0,2014-01-31 11:00:00,71.51713562011719,54.2144889831543
732,1391198400000.0,2014-01-31 12:00:00,72.11212921142578,57.128604888916016
733,1391202000000.0,2014-01-31 13:00:00,71.62833404541016,58.01615905761719
734,1391205600000.0,2014-01-31 14:00:00,68.9907455444336,58.93974304199219
735,1391209200000.0,2014-01-31 15:00:00,72.07447814941406,59.372581481933594
736,1391212800000.0,2014-01-31 16:00:00,71.02725219726562,58.28538131713867
737,1391216400000.0,2014-01-31 17:00:00,73.4663314819336,55.05873107910156
738,1391220000000.0,2014-01-31 18:00:00,71.16551971435547,52.36412811279297
739,1391223600000.0,2014-01-31 19:00:00,70.8321533203125,51.3256950378418
740,1391227200000.0,2014-01-31 20:00:00,72.9833984375,50.71417999267578
741,1391230800000.0,2014-01-31 21:00:00,68.49874877929688,49.469390869140625
742,1391234400000.0,2014-01-31 22:00:00,72.27941131591797,48.8377685546875
743,1391238000000.0,2014-01-31 23:00:00,73.10154724121094,48.20828628540039
